Lookback period,Average MSE
4,0.0003693097005149125
8,0.00030227469470984396
12,0.0007172721201391983
