Number of LSTM units,Lookback period,Learning rate,Average MSE
31,31,0.01,4.279233823549368e-06
19,38,0.0005,0.00031094028605403105
