Number of LSTM units,Batch Size,Average MSE
27,115,1.7507284700410396e-05
21,109,5.796494535675674e-06
