Number of LSTM units,Lookback period,Average MSE
71,27,2222593.8436943535
31,38,0.00012727005801959495
