Number of LSTM units,Batch Size,Average MSE
10,120,1.0763208776087955e-05
45,101,4.553599319577788e-06
