Number of LSTM units,Batch size,Dropout rate,Average MSE
67,119,0.2285026542153978,2.74502816415241e-06
38,87,0.4505918861365489,8.679340947654196e-06
