Number of LSTM units,Lookback period,Average MSE
74,31,2.5159277383625487e-07
91,24,4.046878138184128e-07
