Number of LSTM units,Lookback period,Learning rate,Average MSE
4,22,0.001,3.4407243695921223e-06
8,25,0.001,3.447345155831926e-06
