Number of LSTM units,Lookback period,Learning rate,Average MSE
40,13,0.1,6.34725581489292e-05
22,16,0.0001,1.9474797796626034e-05
