Number of LSTM units,Lookback period,Learning rate,Average MSE
13,23,0.05,3.5831536206962354e-06
20,24,0.0001,0.0006603756006671922
