Number of LSTM units,Lookback period,Learning rate,Average MSE
11,19,0.05,4.1040919114619805e-06
35,10,0.5,0.0001327128825924997
